Gabriel,gabriel.sp@qualquercoisa.com.br,pg15
Mateus,mateus.sp@qualquercoisa.com.br,mat95
Tiago,tiago.sp@qualquercoisa.com.br,ti965
Leandro,leandro.sp@qualquercoisa.com.br,leleco24
Rodolfo,rodolfo.erf@qualquercoisa.com.br,dodo1234
kjad,hagsa@ghags,1234
Isabella,is@teste.com.br,isa1234
igor,igor@teste,igor
Pietra,pietra@teste.com,pi1234
Leandro,leandro@teste.com.br,1234
Mateus Moura,mateusbulani300@gmail.com,Trabalho300
Abreu,abreu@abreu.com,12345
